<?xml version="1.0" encoding="UTF-8"?>
<project-private xmlns="http://www.netbeans.org/ns/project-private/1">
    <editor-bookmarks xmlns="http://www.netbeans.org/ns/editor-bookmarks/2" lastBookmarkId="0"/>
    <open-files xmlns="http://www.netbeans.org/ns/projectui-open-files/2">
        <group>
            <file>file:/C:/xampp/htdocs/socmed_resort_info/models/dbconnection.php</file>
            <file>file:/C:/xampp/htdocs/socmed_resort_info/models/login_user.php</file>
            <file>file:/C:/xampp/htdocs/socmed_resort_info/models/logout_user.php</file>
            <file>file:/C:/xampp/htdocs/socmed_resort_info/models/register_user.php</file>
            <file>file:/C:/xampp/htdocs/socmed_resort_info/res/mystyle.css</file>
            <file>file:/C:/xampp/htdocs/socmed_resort_info/views/footer.php</file>
            <file>file:/C:/xampp/htdocs/socmed_resort_info/views/header.php</file>
            <file>file:/C:/xampp/htdocs/socmed_resort_info/about_us.php</file>
            <file>file:/C:/xampp/htdocs/socmed_resort_info/contact_us.php</file>
            <file>file:/C:/xampp/htdocs/socmed_resort_info/gallery.php</file>
            <file>file:/C:/xampp/htdocs/socmed_resort_info/index.php</file>
            <file>file:/C:/xampp/htdocs/socmed_resort_info/login.php</file>
            <file>file:/C:/xampp/htdocs/socmed_resort_info/profile.php</file>
            <file>file:/C:/xampp/htdocs/socmed_resort_info/registration.php</file>
            <file>file:/C:/xampp/htdocs/socmed_resort_info/resort_details.php</file>
        </group>
    </open-files>
</project-private>
